level,strategy,samples,win_rate,remaining_on_win,mean_score,one_star,two_star,three_star,boosters_per_game
1,RANDOM,8,1.0,16.125,31943.75,0,1,7,0.0
1,GREEDY,8,1.0,17.625,29675.0,0,1,7,0.0
1,STRATEGIC,8,1.0,17.5,52900.0,0,1,7,0.0
1,BOOSTER_ASSISTED,8,1.0,17.5,52900.0,0,1,7,0.0
2,RANDOM,8,1.0,18.5,33506.25,0,0,8,0.0
2,GREEDY,8,1.0,18.75,25956.25,0,0,8,0.0
2,STRATEGIC,8,1.0,19.125,55218.75,0,0,8,0.0
2,BOOSTER_ASSISTED,8,1.0,19.125,55218.75,0,0,8,0.0
3,RANDOM,8,1.0,18.5,12137.5,5,3,0,0.0
3,GREEDY,8,1.0,21.125,14487.5,4,2,2,0.0
3,STRATEGIC,8,1.0,20.625,16331.25,0,6,2,0.0
3,BOOSTER_ASSISTED,8,1.0,20.625,16331.25,0,6,2,0.0
4,RANDOM,8,1.0,13.625,21081.25,0,1,7,0.0
4,GREEDY,8,1.0,17.5,23350.0,0,0,8,0.0
4,STRATEGIC,8,1.0,17.5,21287.5,0,2,6,0.0
4,BOOSTER_ASSISTED,8,1.0,17.5,21287.5,0,2,6,0.0
5,RANDOM,8,0.875,9.428571428571429,32637.5,0,0,7,0.0
5,GREEDY,8,1.0,16.625,30575.0,0,0,8,0.0
5,STRATEGIC,8,1.0,15.5,25300.0,1,0,7,0.0
5,BOOSTER_ASSISTED,8,1.0,16.125,25300.0,1,0,7,0.125
6,RANDOM,8,1.0,17.0,22975.0,0,2,6,0.0
6,GREEDY,8,1.0,20.375,27975.0,0,3,5,0.0
6,STRATEGIC,8,1.0,19.875,21025.0,0,1,7,0.0
6,BOOSTER_ASSISTED,8,1.0,19.875,21025.0,0,1,7,0.0
7,RANDOM,8,0.625,15.8,67943.75,0,0,5,0.0
7,GREEDY,8,1.0,21.375,33568.75,0,3,5,0.0
7,STRATEGIC,8,1.0,22.125,34262.5,0,1,7,0.0
7,BOOSTER_ASSISTED,8,1.0,22.125,34262.5,0,1,7,0.0
8,RANDOM,8,1.0,13.25,15100.0,1,5,2,0.0
8,GREEDY,8,1.0,16.875,18725.0,0,4,4,0.0
8,STRATEGIC,8,1.0,16.5,14893.75,2,4,2,0.0
8,BOOSTER_ASSISTED,8,1.0,16.5,14893.75,2,4,2,0.0
9,RANDOM,8,0.5,13.25,72381.25,0,0,4,0.0
9,GREEDY,8,1.0,18.5,41787.5,0,0,8,0.0
9,STRATEGIC,8,1.0,17.875,31468.75,0,0,8,0.0
9,BOOSTER_ASSISTED,8,1.0,17.875,31468.75,0,0,8,0.0
10,RANDOM,8,0.75,6.833333333333333,20212.5,4,1,1,0.0
10,GREEDY,8,1.0,11.875,23231.25,3,4,1,0.0
10,STRATEGIC,8,1.0,9.875,23056.25,5,2,1,0.0
10,BOOSTER_ASSISTED,8,1.0,9.875,23056.25,5,2,1,0.0
11,RANDOM,8,1.0,15.25,16015.625,0,7,1,0.0
11,GREEDY,8,1.0,18.75,19434.375,1,4,3,0.0
11,STRATEGIC,8,1.0,20.375,21825.0,0,5,3,0.0
11,BOOSTER_ASSISTED,8,1.0,20.375,21825.0,0,5,3,0.0
12,RANDOM,8,1.0,14.375,28412.5,0,1,7,0.0
12,GREEDY,8,1.0,18.25,29103.125,0,2,6,0.0
12,STRATEGIC,8,1.0,19.25,27406.25,0,3,5,0.0
12,BOOSTER_ASSISTED,8,1.0,19.25,27406.25,0,3,5,0.0
13,RANDOM,8,0.875,9.428571428571429,30568.75,0,1,6,0.0
13,GREEDY,8,0.875,10.714285714285714,41406.25,0,1,6,0.0
13,STRATEGIC,8,1.0,14.875,21743.75,1,5,2,0.0
13,BOOSTER_ASSISTED,8,1.0,14.875,21743.75,1,5,2,0.0
14,RANDOM,8,0.875,12.714285714285714,40065.625,1,2,4,0.0
14,GREEDY,8,0.875,13.714285714285714,59343.75,0,1,6,0.0
14,STRATEGIC,8,1.0,20.125,31590.625,1,3,4,0.0
14,BOOSTER_ASSISTED,8,1.0,20.125,31590.625,1,3,4,0.0
15,RANDOM,8,0.625,12.2,23203.125,1,2,2,0.0
15,GREEDY,8,1.0,11.0,28115.625,2,2,4,0.0
15,STRATEGIC,8,1.0,12.375,17012.5,6,2,0,0.0
15,BOOSTER_ASSISTED,8,1.0,12.375,17012.5,6,2,0,0.0
16,RANDOM,8,1.0,13.375,55531.25,1,0,7,0.0
16,GREEDY,8,1.0,14.625,64959.375,0,0,8,0.0
16,STRATEGIC,8,1.0,19.25,25240.625,2,4,2,0.0
16,BOOSTER_ASSISTED,8,1.0,19.25,25240.625,2,4,2,0.0
17,RANDOM,8,0.375,11.666666666666666,25521.875,1,2,0,0.0
17,GREEDY,8,0.875,14.857142857142858,27628.125,1,3,3,0.0
17,STRATEGIC,8,1.0,14.375,19050.0,4,2,2,0.0
17,BOOSTER_ASSISTED,8,1.0,14.375,19050.0,4,2,2,0.0
18,RANDOM,8,0.625,7.4,19437.5,5,0,0,0.0
18,GREEDY,8,1.0,11.5,24656.25,7,0,1,0.0
18,STRATEGIC,8,1.0,9.875,21368.75,7,1,0,0.0
18,BOOSTER_ASSISTED,8,1.0,11.125,21368.75,7,1,0,0.25
19,RANDOM,8,0.75,5.166666666666667,18493.75,3,3,0,0.0
19,GREEDY,8,0.875,10.714285714285714,24109.375,3,2,2,0.0
19,STRATEGIC,8,1.0,11.125,21637.5,3,5,0,0.0
19,BOOSTER_ASSISTED,8,1.0,12.0,21468.75,3,5,0,0.375
20,RANDOM,8,0.25,9.5,30228.125,1,1,0,0.0
20,GREEDY,8,0.875,6.0,46768.75,0,5,2,0.0
20,STRATEGIC,8,1.0,15.75,32256.25,6,2,0,0.0
20,BOOSTER_ASSISTED,8,1.0,15.75,32256.25,6,2,0,0.0
21,RANDOM,8,1.0,13.125,21928.125,0,5,3,0.0
21,GREEDY,8,1.0,16.75,34065.625,1,1,6,0.0
21,STRATEGIC,8,1.0,17.75,15690.625,3,4,1,0.0
21,BOOSTER_ASSISTED,8,1.0,17.75,15690.625,3,4,1,0.0
22,RANDOM,8,0.875,15.285714285714286,39650.0,0,3,4,0.0
22,GREEDY,8,1.0,15.125,29575.0,0,3,5,0.0
22,STRATEGIC,8,1.0,17.125,28312.5,2,0,6,0.0
22,BOOSTER_ASSISTED,8,1.0,17.125,28312.5,2,0,6,0.0
23,RANDOM,8,1.0,5.625,21375.0,6,2,0,0.0
23,GREEDY,8,1.0,8.375,21196.875,5,3,0,0.0
23,STRATEGIC,8,1.0,12.75,19250.0,8,0,0,0.0
23,BOOSTER_ASSISTED,8,1.0,12.75,19250.0,8,0,0,0.0
24,RANDOM,8,0.75,8.666666666666666,19496.875,2,3,1,0.0
24,GREEDY,8,1.0,9.375,17971.875,3,5,0,0.0
24,STRATEGIC,8,1.0,16.0,15681.25,6,2,0,0.0
24,BOOSTER_ASSISTED,8,1.0,16.0,15681.25,6,2,0,0.0
25,RANDOM,8,0.25,8.0,19350.0,1,1,0,0.0
25,GREEDY,8,1.0,8.75,20021.875,4,4,0,0.0
25,STRATEGIC,8,1.0,15.125,16018.75,6,1,1,0.0
25,BOOSTER_ASSISTED,8,1.0,15.125,16018.75,6,1,1,0.0
26,RANDOM,8,1.0,15.625,16850.0,2,5,1,0.0
26,GREEDY,8,1.0,19.0,17831.25,3,4,1,0.0
26,STRATEGIC,8,1.0,19.25,21031.25,3,3,2,0.0
26,BOOSTER_ASSISTED,8,1.0,19.25,21031.25,3,3,2,0.0
27,RANDOM,8,1.0,13.125,32734.375,0,3,5,0.0
27,GREEDY,8,1.0,17.75,34434.375,1,3,4,0.0
27,STRATEGIC,8,1.0,17.25,31103.125,2,1,5,0.0
27,BOOSTER_ASSISTED,8,1.0,17.25,31103.125,2,1,5,0.0
28,RANDOM,8,0.5,11.25,21481.25,1,1,2,0.0
28,GREEDY,8,0.75,11.333333333333334,27456.25,1,1,4,0.0
28,STRATEGIC,8,1.0,13.625,18631.25,4,3,1,0.0
28,BOOSTER_ASSISTED,8,1.0,13.625,18631.25,4,3,1,0.0
29,RANDOM,8,0.875,11.142857142857142,18256.25,5,1,1,0.0
29,GREEDY,8,1.0,16.125,18718.75,6,0,2,0.0
29,STRATEGIC,8,1.0,20.875,9540.625,8,0,0,0.0
29,BOOSTER_ASSISTED,8,1.0,20.875,9540.625,8,0,0,0.0
30,RANDOM,8,0.875,4.857142857142857,20231.25,5,2,0,0.0
30,GREEDY,8,1.0,14.625,22762.5,3,5,0,0.0
30,STRATEGIC,8,1.0,12.375,19593.75,7,0,1,0.0
30,BOOSTER_ASSISTED,8,1.0,13.0,19593.75,7,0,1,0.125
31,RANDOM,8,1.0,13.375,23315.625,1,4,3,0.0
31,GREEDY,8,1.0,15.625,29950.0,0,2,6,0.0
31,STRATEGIC,8,1.0,16.75,21850.0,0,5,3,0.0
31,BOOSTER_ASSISTED,8,1.0,16.75,21850.0,0,5,3,0.0
32,RANDOM,8,0.5,5.25,23162.5,1,1,2,0.0
32,GREEDY,8,1.0,5.625,27318.75,1,3,4,0.0
32,STRATEGIC,8,1.0,12.125,18943.75,3,4,1,0.0
32,BOOSTER_ASSISTED,8,1.0,12.125,18943.75,3,4,1,0.0
33,RANDOM,8,0.0,0.0,23171.875,0,0,0,0.0
33,GREEDY,8,0.75,8.666666666666666,21728.125,3,1,2,0.0
33,STRATEGIC,8,0.875,12.428571428571429,21759.375,4,2,1,0.0
33,BOOSTER_ASSISTED,8,0.875,12.428571428571429,21759.375,4,2,1,0.0
34,RANDOM,8,0.25,0.5,22512.5,0,0,2,0.0
34,GREEDY,8,0.5,10.5,27693.75,1,2,1,0.0
34,STRATEGIC,8,0.75,14.5,26015.625,1,3,2,0.0
34,BOOSTER_ASSISTED,8,0.75,14.5,27503.125,1,3,2,0.5
35,RANDOM,8,0.25,9.0,19790.625,1,1,0,0.0
35,GREEDY,8,1.0,4.875,30543.75,6,1,1,0.0
35,STRATEGIC,8,1.0,10.375,30625.0,7,0,1,0.0
35,BOOSTER_ASSISTED,8,1.0,10.375,30625.0,7,0,1,0.0
36,RANDOM,8,0.25,8.0,23334.375,1,1,0,0.0
36,GREEDY,8,1.0,10.375,28665.625,3,0,5,0.0
36,STRATEGIC,8,1.0,14.625,16531.25,7,0,1,0.0
36,BOOSTER_ASSISTED,8,1.0,15.0,16456.25,7,0,1,0.25
37,RANDOM,8,0.625,6.2,17900.0,4,1,0,0.0
37,GREEDY,8,1.0,10.375,18931.25,6,2,0,0.0
37,STRATEGIC,8,1.0,12.875,15246.875,8,0,0,0.0
37,BOOSTER_ASSISTED,8,1.0,13.625,14787.5,8,0,0,0.375
38,RANDOM,8,0.0,0.0,20859.375,0,0,0,0.0
38,GREEDY,8,0.375,4.333333333333333,25718.75,1,0,2,0.0
38,STRATEGIC,8,0.875,7.0,23762.5,4,3,0,0.0
38,BOOSTER_ASSISTED,8,1.0,6.75,25634.375,4,3,1,0.875
39,RANDOM,8,0.0,0.0,24421.875,0,0,0,0.0
39,GREEDY,8,0.875,5.428571428571429,37468.75,1,1,5,0.0
39,STRATEGIC,8,0.875,10.142857142857142,35593.75,1,2,4,0.0
39,BOOSTER_ASSISTED,8,0.875,10.142857142857142,35593.75,1,2,4,0.0
40,RANDOM,8,0.125,3.0,20343.75,1,0,0,0.0
40,GREEDY,8,0.125,0.0,25790.625,1,0,0,0.0
40,STRATEGIC,8,0.625,9.2,18056.25,5,0,0,0.0
40,BOOSTER_ASSISTED,8,0.75,8.666666666666666,19531.25,6,0,0,1.625
41,RANDOM,8,0.875,7.857142857142857,15084.375,3,4,0,0.0
41,GREEDY,8,1.0,10.375,18600.0,1,6,1,0.0
41,STRATEGIC,8,0.875,13.714285714285714,13275.0,4,3,0,0.0
41,BOOSTER_ASSISTED,8,1.0,12.875,14450.0,4,3,1,0.625
42,RANDOM,8,0.875,6.571428571428571,16156.25,3,4,0,0.0
42,GREEDY,8,1.0,9.625,20868.75,2,5,1,0.0
42,STRATEGIC,8,1.0,12.0,15590.625,6,2,0,0.0
42,BOOSTER_ASSISTED,8,1.0,12.0,15590.625,6,2,0,0.0
43,RANDOM,8,0.875,9.714285714285714,20562.5,2,3,2,0.0
43,GREEDY,8,1.0,14.5,15459.375,7,1,0,0.0
43,STRATEGIC,8,1.0,18.875,9200.0,8,0,0,0.0
43,BOOSTER_ASSISTED,8,1.0,18.875,9200.0,8,0,0,0.0
44,RANDOM,8,0.625,8.4,20200.0,2,2,1,0.0
44,GREEDY,8,0.625,14.8,18871.875,3,2,0,0.0
44,STRATEGIC,8,1.0,17.5,10200.0,8,0,0,0.0
44,BOOSTER_ASSISTED,8,1.0,17.5,10200.0,8,0,0,0.0
45,RANDOM,8,0.625,6.8,24628.125,1,3,1,0.0
45,GREEDY,8,0.875,8.0,25646.875,2,3,2,0.0
45,STRATEGIC,8,1.0,14.125,16843.75,6,1,1,0.0
45,BOOSTER_ASSISTED,8,1.0,14.125,16843.75,6,1,1,0.0
46,RANDOM,8,0.875,4.571428571428571,20396.875,3,3,1,0.0
46,GREEDY,8,1.0,9.25,23587.5,1,5,2,0.0
46,STRATEGIC,8,0.875,9.571428571428571,21562.5,2,3,2,0.0
46,BOOSTER_ASSISTED,8,1.0,10.375,22087.5,3,3,2,0.5
47,RANDOM,8,1.0,16.375,8906.25,8,0,0,0.0
47,GREEDY,8,1.0,19.125,8581.25,8,0,0,0.0
47,STRATEGIC,8,1.0,19.75,6803.125,8,0,0,0.0
47,BOOSTER_ASSISTED,8,1.0,19.75,6803.125,8,0,0,0.0
48,RANDOM,8,0.875,10.142857142857142,15756.25,6,1,0,0.0
48,GREEDY,8,0.875,7.857142857142857,23993.75,5,0,2,0.0
48,STRATEGIC,8,0.875,16.142857142857142,15606.25,7,0,0,0.0
48,BOOSTER_ASSISTED,8,1.0,14.625,14812.5,7,1,0,0.25
49,RANDOM,8,0.625,5.2,23340.625,2,1,2,0.0
49,GREEDY,8,0.625,8.8,34818.75,2,2,1,0.0
49,STRATEGIC,8,0.875,13.142857142857142,22212.5,5,2,0,0.0
49,BOOSTER_ASSISTED,8,0.875,13.142857142857142,22212.5,5,2,0,0.0
50,RANDOM,8,0.375,11.0,25012.5,3,0,0,0.0
50,GREEDY,8,0.5,6.5,26609.375,4,0,0,0.0
50,STRATEGIC,8,1.0,9.0,27993.75,8,0,0,0.0
50,BOOSTER_ASSISTED,8,1.0,9.0,27993.75,8,0,0,0.0
51,RANDOM,8,1.0,11.5,11993.75,8,0,0,0.0
51,GREEDY,8,1.0,15.25,15331.25,7,1,0,0.0
51,STRATEGIC,8,1.0,17.875,11328.125,8,0,0,0.0
51,BOOSTER_ASSISTED,8,1.0,17.875,11328.125,8,0,0,0.0
52,RANDOM,8,0.5,5.5,19946.875,2,2,0,0.0
52,GREEDY,8,0.625,8.8,22140.625,3,2,0,0.0
52,STRATEGIC,8,1.0,13.5,15062.5,8,0,0,0.0
52,BOOSTER_ASSISTED,8,1.0,13.75,15012.5,8,0,0,0.25
53,RANDOM,8,0.25,7.5,24015.625,1,1,0,0.0
53,GREEDY,8,0.75,6.333333333333333,26440.625,3,2,1,0.0
53,STRATEGIC,8,1.0,10.875,18146.875,6,2,0,0.0
53,BOOSTER_ASSISTED,8,1.0,11.375,19228.125,6,2,0,0.625
54,RANDOM,8,0.5,5.25,24993.75,1,2,1,0.0
54,GREEDY,8,1.0,7.375,26393.75,2,5,1,0.0
54,STRATEGIC,8,1.0,4.75,22159.375,4,4,0,0.0
54,BOOSTER_ASSISTED,8,1.0,6.0,22159.375,4,4,0,0.25
55,RANDOM,8,0.125,19.0,20625.0,1,0,0,0.0
55,GREEDY,8,0.375,6.0,30000.0,1,2,0,0.0
55,STRATEGIC,8,1.0,11.875,20687.5,5,3,0,0.0
55,BOOSTER_ASSISTED,8,1.0,12.5,20687.5,5,3,0,0.125
56,RANDOM,8,0.375,9.666666666666666,22140.625,1,1,1,0.0
56,GREEDY,8,0.625,8.6,24365.625,2,3,0,0.0
56,STRATEGIC,8,0.875,13.571428571428571,18318.75,7,0,0,0.0
56,BOOSTER_ASSISTED,8,1.0,12.25,20546.875,7,1,0,0.625
57,RANDOM,8,0.875,11.714285714285714,15378.125,7,0,0,0.0
57,GREEDY,8,1.0,13.375,21759.375,6,2,0,0.0
57,STRATEGIC,8,1.0,15.75,16215.625,7,1,0,0.0
57,BOOSTER_ASSISTED,8,1.0,15.75,16215.625,7,1,0,0.0
58,RANDOM,8,0.75,4.5,24856.25,5,0,1,0.0
58,GREEDY,8,0.875,10.714285714285714,27556.25,6,1,0,0.0
58,STRATEGIC,8,1.0,17.625,15318.75,8,0,0,0.0
58,BOOSTER_ASSISTED,8,1.0,17.625,15318.75,8,0,0,0.0
59,RANDOM,8,0.25,4.0,24487.5,2,0,0,0.0
59,GREEDY,8,0.375,2.6666666666666665,26590.625,3,0,0,0.0
59,STRATEGIC,8,0.5,8.5,25612.5,4,0,0,0.0
59,BOOSTER_ASSISTED,8,1.0,6.5,30890.625,8,0,0,1.5
60,RANDOM,8,0.0,0.0,17684.375,0,0,0,0.0
60,GREEDY,8,0.75,4.666666666666667,22815.625,6,0,0,0.0
60,STRATEGIC,8,0.625,10.0,17675.0,5,0,0,0.0
60,BOOSTER_ASSISTED,8,0.875,8.714285714285714,18068.75,7,0,0,1.375
61,RANDOM,8,1.0,7.0,19693.75,5,1,2,0.0
61,GREEDY,8,1.0,9.75,15912.5,6,1,1,0.0
61,STRATEGIC,8,1.0,11.5,15153.125,6,2,0,0.0
61,BOOSTER_ASSISTED,8,1.0,11.5,15153.125,6,2,0,0.0
62,RANDOM,8,0.625,6.2,20112.5,2,2,1,0.0
62,GREEDY,8,1.0,9.125,21146.875,3,4,1,0.0
62,STRATEGIC,8,1.0,8.625,17115.625,5,3,0,0.0
62,BOOSTER_ASSISTED,8,1.0,9.875,17115.625,5,3,0,0.25
63,RANDOM,8,0.375,4.333333333333333,24293.75,1,1,1,0.0
63,GREEDY,8,0.75,8.333333333333334,21150.0,3,3,0,0.0
63,STRATEGIC,8,1.0,11.375,15200.0,6,2,0,0.0
63,BOOSTER_ASSISTED,8,1.0,11.875,14681.25,6,2,0,0.25
64,RANDOM,8,1.0,10.125,14171.875,7,1,0,0.0
64,GREEDY,8,1.0,15.0,15193.75,7,1,0,0.0
64,STRATEGIC,8,1.0,18.25,9165.625,8,0,0,0.0
64,BOOSTER_ASSISTED,8,1.0,18.25,9165.625,8,0,0,0.0
65,RANDOM,8,0.5,8.75,18087.5,3,1,0,0.0
65,GREEDY,8,1.0,13.5,19715.625,6,2,0,0.0
65,STRATEGIC,8,1.0,14.875,18687.5,6,2,0,0.0
65,BOOSTER_ASSISTED,8,1.0,14.875,18606.25,6,2,0,0.125
66,RANDOM,8,0.375,2.3333333333333335,20912.5,0,3,0,0.0
66,GREEDY,8,1.0,6.5,27700.0,2,5,1,0.0
66,STRATEGIC,8,1.0,9.375,29862.5,3,3,2,0.0
66,BOOSTER_ASSISTED,8,1.0,9.375,29862.5,3,3,2,0.0
67,RANDOM,8,1.0,10.75,16625.0,7,1,0,0.0
67,GREEDY,8,1.0,13.75,15818.75,8,0,0,0.0
67,STRATEGIC,8,1.0,17.5,10118.75,8,0,0,0.0
67,BOOSTER_ASSISTED,8,1.0,17.5,10118.75,8,0,0,0.0
68,RANDOM,8,1.0,10.875,14981.25,8,0,0,0.0
68,GREEDY,8,0.75,14.0,16946.875,5,1,0,0.0
68,STRATEGIC,8,1.0,15.875,14137.5,8,0,0,0.0
68,BOOSTER_ASSISTED,8,1.0,15.875,14137.5,8,0,0,0.0
69,RANDOM,8,0.25,10.0,21168.75,1,1,0,0.0
69,GREEDY,8,1.0,6.0,30131.25,3,5,0,0.0
69,STRATEGIC,8,1.0,13.25,16968.75,8,0,0,0.0
69,BOOSTER_ASSISTED,8,1.0,13.25,16968.75,8,0,0,0.0
70,RANDOM,8,0.25,8.5,14540.625,2,0,0,0.0
70,GREEDY,8,0.75,8.166666666666666,18725.0,6,0,0,0.0
70,STRATEGIC,8,1.0,15.875,10943.75,8,0,0,0.0
70,BOOSTER_ASSISTED,8,1.0,15.875,10943.75,8,0,0,0.0
71,RANDOM,8,0.625,8.2,11200.0,5,0,0,0.0
71,GREEDY,8,1.0,11.375,11071.875,8,0,0,0.0
71,STRATEGIC,8,1.0,14.125,7584.375,8,0,0,0.0
71,BOOSTER_ASSISTED,8,1.0,14.125,7584.375,8,0,0,0.0
72,RANDOM,8,0.875,10.142857142857142,12425.0,7,0,0,0.0
72,GREEDY,8,1.0,11.875,10315.625,8,0,0,0.0
72,STRATEGIC,8,1.0,14.0,10840.625,8,0,0,0.0
72,BOOSTER_ASSISTED,8,1.0,14.0,10840.625,8,0,0,0.0
73,RANDOM,8,0.5,9.25,15693.75,4,0,0,0.0
73,GREEDY,8,0.75,9.5,14971.875,6,0,0,0.0
73,STRATEGIC,8,0.875,10.428571428571429,11696.875,7,0,0,0.0
73,BOOSTER_ASSISTED,8,1.0,10.125,12059.375,8,0,0,0.625
74,RANDOM,8,0.75,6.5,11571.875,6,0,0,0.0
74,GREEDY,8,1.0,9.375,14925.0,8,0,0,0.0
74,STRATEGIC,8,0.875,12.571428571428571,9390.625,7,0,0,0.0
74,BOOSTER_ASSISTED,8,1.0,11.375,9431.25,8,0,0,0.25
75,RANDOM,8,0.125,0.0,16221.875,1,0,0,0.0
75,GREEDY,8,0.5,5.75,24009.375,4,0,0,0.0
75,STRATEGIC,8,0.75,10.833333333333334,16625.0,6,0,0,0.0
75,BOOSTER_ASSISTED,8,1.0,9.5,16462.5,8,0,0,0.5
76,RANDOM,8,0.0,0.0,15362.5,0,0,0,0.0
76,GREEDY,8,0.125,2.0,20828.125,0,1,0,0.0
76,STRATEGIC,8,0.5,9.5,17400.0,4,0,0,0.0
76,BOOSTER_ASSISTED,8,0.875,8.285714285714286,18306.25,7,0,0,2.25
77,RANDOM,8,0.0,0.0,15875.0,0,0,0,0.0
77,GREEDY,8,0.125,5.0,20518.75,1,0,0,0.0
77,STRATEGIC,8,0.25,8.0,16903.125,2,0,0,0.0
77,BOOSTER_ASSISTED,8,0.375,6.666666666666667,16990.625,3,0,0,0.75
78,RANDOM,8,0.625,6.4,16140.625,5,0,0,0.0
78,GREEDY,8,0.75,10.0,15981.25,6,0,0,0.0
78,STRATEGIC,8,0.75,12.5,13446.875,6,0,0,0.0
78,BOOSTER_ASSISTED,8,1.0,10.0,14946.875,8,0,0,0.375
79,RANDOM,8,0.25,6.5,15331.25,2,0,0,0.0
79,GREEDY,8,0.625,6.4,19118.75,5,0,0,0.0
79,STRATEGIC,8,0.875,7.571428571428571,16806.25,7,0,0,0.0
79,BOOSTER_ASSISTED,8,1.0,7.125,17462.5,8,0,0,0.625
80,RANDOM,8,0.25,3.5,17240.625,2,0,0,0.0
80,GREEDY,8,0.25,2.5,21009.375,2,0,0,0.0
80,STRATEGIC,8,1.0,8.125,19934.375,8,0,0,0.0
80,BOOSTER_ASSISTED,8,1.0,8.375,19565.625,8,0,0,0.375
81,RANDOM,8,0.125,8.0,14287.5,1,0,0,0.0
81,GREEDY,8,0.375,5.0,19665.625,3,0,0,0.0
81,STRATEGIC,8,0.5,9.5,15653.125,4,0,0,0.0
81,BOOSTER_ASSISTED,8,0.625,9.0,18478.125,5,0,0,2.875
82,RANDOM,8,0.125,9.0,14281.25,1,0,0,0.0
82,GREEDY,8,0.5,4.5,20337.5,4,0,0,0.0
82,STRATEGIC,8,0.625,11.4,13275.0,5,0,0,0.0
82,BOOSTER_ASSISTED,8,1.0,8.875,14293.75,8,0,0,1.125
83,RANDOM,8,0.25,3.0,14378.125,2,0,0,0.0
83,GREEDY,8,0.25,1.5,17381.25,2,0,0,0.0
83,STRATEGIC,8,0.625,4.6,16765.625,5,0,0,0.0
83,BOOSTER_ASSISTED,8,0.625,5.0,19609.375,5,0,0,2.25
84,RANDOM,8,0.125,2.0,16537.5,1,0,0,0.0
84,GREEDY,8,0.375,2.0,20446.875,3,0,0,0.0
84,STRATEGIC,8,0.875,5.285714285714286,18703.125,7,0,0,0.0
84,BOOSTER_ASSISTED,8,1.0,6.625,16775.0,8,0,0,0.625
85,RANDOM,8,0.0,0.0,16640.625,0,0,0,0.0
85,GREEDY,8,0.25,0.5,22153.125,2,0,0,0.0
85,STRATEGIC,8,0.375,12.333333333333334,16387.5,3,0,0,0.0
85,BOOSTER_ASSISTED,8,0.75,7.166666666666667,18934.375,6,0,0,1.375
86,RANDOM,8,0.875,6.285714285714286,15600.0,7,0,0,0.0
86,GREEDY,8,0.75,7.333333333333333,15756.25,6,0,0,0.0
86,STRATEGIC,8,1.0,9.125,11190.625,8,0,0,0.0
86,BOOSTER_ASSISTED,8,1.0,9.375,11221.875,8,0,0,0.125
87,RANDOM,8,0.375,5.666666666666667,15365.625,3,0,0,0.0
87,GREEDY,8,0.25,4.0,15443.75,2,0,0,0.0
87,STRATEGIC,8,0.5,6.25,13618.75,4,0,0,0.0
87,BOOSTER_ASSISTED,8,1.0,5.75,15859.375,8,0,0,1.625
88,RANDOM,8,1.0,8.75,15768.75,8,0,0,0.0
88,GREEDY,8,1.0,14.0,14596.875,8,0,0,0.0
88,STRATEGIC,8,1.0,16.125,10181.25,8,0,0,0.0
88,BOOSTER_ASSISTED,8,1.0,16.125,10181.25,8,0,0,0.0
89,RANDOM,8,0.0,0.0,18196.875,0,0,0,0.0
89,GREEDY,8,0.25,6.5,22765.625,2,0,0,0.0
89,STRATEGIC,8,0.25,1.0,20959.375,2,0,0,0.0
89,BOOSTER_ASSISTED,8,0.875,3.0,25371.875,7,0,0,3.75
90,RANDOM,8,0.125,2.0,16237.5,1,0,0,0.0
90,GREEDY,8,0.75,4.333333333333333,21881.25,6,0,0,0.0
90,STRATEGIC,8,0.5,10.25,16406.25,4,0,0,0.0
90,BOOSTER_ASSISTED,8,0.875,8.285714285714286,19515.625,7,0,0,1.875
91,RANDOM,8,0.25,1.5,18912.5,2,0,0,0.0
91,GREEDY,8,0.375,9.0,21068.75,3,0,0,0.0
91,STRATEGIC,8,1.0,9.375,15200.0,8,0,0,0.0
91,BOOSTER_ASSISTED,8,1.0,9.875,14618.75,8,0,0,0.625
92,RANDOM,8,0.125,8.0,18506.25,1,0,0,0.0
92,GREEDY,8,0.5,11.5,19000.0,4,0,0,0.0
92,STRATEGIC,8,0.625,10.6,16390.625,5,0,0,0.0
92,BOOSTER_ASSISTED,8,0.875,8.428571428571429,18015.625,7,0,0,1.375
93,RANDOM,8,0.125,18.0,18037.5,1,0,0,0.0
93,GREEDY,8,0.25,16.0,25718.75,2,0,0,0.0
93,STRATEGIC,8,0.75,13.0,24003.125,6,0,0,0.0
93,BOOSTER_ASSISTED,8,0.75,13.0,24003.125,6,0,0,0.0
94,RANDOM,8,0.875,7.285714285714286,18840.625,7,0,0,0.0
94,GREEDY,8,1.0,16.0,15265.625,8,0,0,0.0
94,STRATEGIC,8,1.0,14.5,12115.625,8,0,0,0.0
94,BOOSTER_ASSISTED,8,1.0,14.5,12115.625,8,0,0,0.0
95,RANDOM,8,0.0,0.0,16243.75,0,0,0,0.0
95,GREEDY,8,0.125,9.0,20240.625,1,0,0,0.0
95,STRATEGIC,8,0.625,6.4,20515.625,5,0,0,0.0
95,BOOSTER_ASSISTED,8,0.875,6.571428571428571,20515.625,7,0,0,1.625
96,RANDOM,8,0.25,7.0,16262.5,2,0,0,0.0
96,GREEDY,8,0.75,3.8333333333333335,20890.625,6,0,0,0.0
96,STRATEGIC,8,1.0,13.125,10462.5,8,0,0,0.0
96,BOOSTER_ASSISTED,8,1.0,13.125,10462.5,8,0,0,0.0
97,RANDOM,8,0.25,2.0,17350.0,2,0,0,0.0
97,GREEDY,8,0.625,1.2,21481.25,5,0,0,0.0
97,STRATEGIC,8,0.875,7.285714285714286,16443.75,7,0,0,0.0
97,BOOSTER_ASSISTED,8,0.875,9.0,17456.25,7,0,0,1.625
98,RANDOM,8,0.25,6.5,17043.75,2,0,0,0.0
98,GREEDY,8,0.75,5.333333333333333,25640.625,6,0,0,0.0
98,STRATEGIC,8,0.75,13.333333333333334,16009.375,6,0,0,0.0
98,BOOSTER_ASSISTED,8,1.0,11.25,16953.125,8,0,0,0.875
99,RANDOM,8,0.375,5.0,17000.0,3,0,0,0.0
99,GREEDY,8,0.625,7.8,22756.25,5,0,0,0.0
99,STRATEGIC,8,1.0,10.375,14150.0,8,0,0,0.0
99,BOOSTER_ASSISTED,8,1.0,11.0,14431.25,8,0,0,0.375
100,RANDOM,8,0.25,3.0,26125.0,2,0,0,0.0
100,GREEDY,8,0.5,4.75,36325.0,4,0,0,0.0
100,STRATEGIC,8,0.625,6.4,34631.25,5,0,0,0.0
100,BOOSTER_ASSISTED,8,1.0,5.25,42534.375,7,1,0,1.125
101,RANDOM,8,1.0,12.5,19518.75,8,0,0,0.0
101,GREEDY,8,1.0,18.75,17709.375,8,0,0,0.0
101,STRATEGIC,8,1.0,22.375,7050.0,8,0,0,0.0
101,BOOSTER_ASSISTED,8,1.0,22.375,7050.0,8,0,0,0.0
102,RANDOM,8,0.625,9.8,23156.25,5,0,0,0.0
102,GREEDY,8,1.0,12.375,36853.125,6,2,0,0.0
102,STRATEGIC,8,1.0,18.25,15356.25,8,0,0,0.0
102,BOOSTER_ASSISTED,8,1.0,18.25,15356.25,8,0,0,0.0
103,RANDOM,8,0.625,7.6,25743.75,5,0,0,0.0
103,GREEDY,8,1.0,10.625,34275.0,7,0,1,0.0
103,STRATEGIC,8,1.0,19.375,13718.75,8,0,0,0.0
103,BOOSTER_ASSISTED,8,1.0,19.375,13718.75,8,0,0,0.0
104,RANDOM,8,0.75,10.0,23571.875,6,0,0,0.0
104,GREEDY,8,1.0,12.625,29278.125,8,0,0,0.0
104,STRATEGIC,8,1.0,13.5,22550.0,8,0,0,0.0
104,BOOSTER_ASSISTED,8,1.0,13.875,22187.5,8,0,0,0.125
105,RANDOM,8,0.5,13.25,30434.375,4,0,0,0.0
105,GREEDY,8,0.875,15.285714285714286,31175.0,7,0,0,0.0
105,STRATEGIC,8,0.875,15.571428571428571,25996.875,7,0,0,0.0
105,BOOSTER_ASSISTED,8,0.875,15.571428571428571,25996.875,7,0,0,0.0
106,RANDOM,8,0.75,13.333333333333334,23518.75,6,0,0,0.0
106,GREEDY,8,1.0,16.875,24781.25,8,0,0,0.0
106,STRATEGIC,8,1.0,21.5,12418.75,8,0,0,0.0
106,BOOSTER_ASSISTED,8,1.0,21.5,12418.75,8,0,0,0.0
107,RANDOM,8,0.875,8.0,28868.75,6,1,0,0.0
107,GREEDY,8,1.0,15.625,27325.0,8,0,0,0.0
107,STRATEGIC,8,1.0,20.125,9925.0,8,0,0,0.0
107,BOOSTER_ASSISTED,8,1.0,20.125,9925.0,8,0,0,0.0
108,RANDOM,8,0.875,8.571428571428571,19575.0,7,0,0,0.0
108,GREEDY,8,1.0,13.75,31734.375,7,1,0,0.0
108,STRATEGIC,8,1.0,14.0,15621.875,8,0,0,0.0
108,BOOSTER_ASSISTED,8,1.0,14.0,15621.875,8,0,0,0.0
109,RANDOM,8,0.625,7.8,28196.875,5,0,0,0.0
109,GREEDY,8,1.0,13.375,30240.625,7,1,0,0.0
109,STRATEGIC,8,1.0,21.25,13165.625,8,0,0,0.0
109,BOOSTER_ASSISTED,8,1.0,21.25,13165.625,8,0,0,0.0
110,RANDOM,8,0.375,11.333333333333334,28728.125,2,1,0,0.0
110,GREEDY,8,0.5,14.75,36643.75,3,1,0,0.0
110,STRATEGIC,8,1.0,13.875,23265.625,8,0,0,0.0
110,BOOSTER_ASSISTED,8,1.0,13.875,23265.625,8,0,0,0.0
111,RANDOM,8,0.875,12.857142857142858,26837.5,6,1,0,0.0
111,GREEDY,8,1.0,18.25,23593.75,8,0,0,0.0
111,STRATEGIC,8,1.0,21.875,11496.875,8,0,0,0.0
111,BOOSTER_ASSISTED,8,1.0,21.875,11496.875,8,0,0,0.0
112,RANDOM,8,0.875,9.285714285714286,24253.125,7,0,0,0.0
112,GREEDY,8,1.0,13.375,29984.375,7,1,0,0.0
112,STRATEGIC,8,1.0,14.375,19878.125,8,0,0,0.0
112,BOOSTER_ASSISTED,8,1.0,14.375,19878.125,8,0,0,0.0
113,RANDOM,8,1.0,11.0,23953.125,8,0,0,0.0
113,GREEDY,8,1.0,13.375,25837.5,7,1,0,0.0
113,STRATEGIC,8,1.0,20.5,11331.25,8,0,0,0.0
113,BOOSTER_ASSISTED,8,1.0,20.5,11331.25,8,0,0,0.0
114,RANDOM,8,0.875,12.571428571428571,21103.125,7,0,0,0.0
114,GREEDY,8,1.0,15.625,18500.0,8,0,0,0.0
114,STRATEGIC,8,1.0,20.875,13331.25,8,0,0,0.0
114,BOOSTER_ASSISTED,8,1.0,20.875,13331.25,8,0,0,0.0
115,RANDOM,8,0.625,7.0,29234.375,5,0,0,0.0
115,GREEDY,8,0.875,14.142857142857142,34228.125,6,1,0,0.0
115,STRATEGIC,8,1.0,15.125,22959.375,8,0,0,0.0
115,BOOSTER_ASSISTED,8,1.0,15.125,22959.375,8,0,0,0.0
116,RANDOM,8,1.0,10.25,20562.5,8,0,0,0.0
116,GREEDY,8,1.0,14.5,22659.375,8,0,0,0.0
116,STRATEGIC,8,1.0,18.625,20862.5,8,0,0,0.0
116,BOOSTER_ASSISTED,8,1.0,18.625,20862.5,8,0,0,0.0
117,RANDOM,8,1.0,8.75,26025.0,8,0,0,0.0
117,GREEDY,8,0.875,10.428571428571429,30118.75,7,0,0,0.0
117,STRATEGIC,8,1.0,20.375,9434.375,8,0,0,0.0
117,BOOSTER_ASSISTED,8,1.0,20.375,9434.375,8,0,0,0.0
118,RANDOM,8,0.625,9.8,23509.375,5,0,0,0.0
118,GREEDY,8,0.875,10.428571428571429,31975.0,7,0,0,0.0
118,STRATEGIC,8,1.0,19.25,14356.25,8,0,0,0.0
118,BOOSTER_ASSISTED,8,1.0,19.25,14356.25,8,0,0,0.0
119,RANDOM,8,0.75,11.5,25490.625,6,0,0,0.0
119,GREEDY,8,1.0,15.0,25750.0,8,0,0,0.0
119,STRATEGIC,8,1.0,20.125,12315.625,8,0,0,0.0
119,BOOSTER_ASSISTED,8,1.0,20.125,12315.625,8,0,0,0.0
120,RANDOM,8,0.375,9.333333333333334,28337.5,3,0,0,0.0
120,GREEDY,8,0.875,13.428571428571429,35737.5,6,1,0,0.0
120,STRATEGIC,8,0.875,16.0,24090.625,7,0,0,0.0
120,BOOSTER_ASSISTED,8,0.875,16.0,24090.625,7,0,0,0.0
121,RANDOM,8,0.875,10.142857142857142,19728.125,7,0,0,0.0
121,GREEDY,8,1.0,15.5,20075.0,8,0,0,0.0
121,STRATEGIC,8,1.0,20.25,12896.875,8,0,0,0.0
121,BOOSTER_ASSISTED,8,1.0,20.25,12896.875,8,0,0,0.0
122,RANDOM,8,0.875,12.714285714285714,20981.25,7,0,0,0.0
122,GREEDY,8,1.0,12.625,27090.625,8,0,0,0.0
122,STRATEGIC,8,1.0,21.125,10740.625,8,0,0,0.0
122,BOOSTER_ASSISTED,8,1.0,21.125,10740.625,8,0,0,0.0
123,RANDOM,8,0.75,10.0,19084.375,6,0,0,0.0
123,GREEDY,8,1.0,11.375,27431.25,7,1,0,0.0
123,STRATEGIC,8,0.875,19.714285714285715,14775.0,7,0,0,0.0
123,BOOSTER_ASSISTED,8,1.0,17.75,14450.0,8,0,0,0.25
124,RANDOM,8,1.0,8.625,22006.25,8,0,0,0.0
124,GREEDY,8,1.0,12.75,24468.75,8,0,0,0.0
124,STRATEGIC,8,1.0,15.125,16293.75,8,0,0,0.0
124,BOOSTER_ASSISTED,8,1.0,15.125,16293.75,8,0,0,0.0
125,RANDOM,8,0.5,8.75,29059.375,4,0,0,0.0
125,GREEDY,8,0.625,13.0,30140.625,5,0,0,0.0
125,STRATEGIC,8,1.0,16.375,22200.0,8,0,0,0.0
125,BOOSTER_ASSISTED,8,1.0,16.375,22200.0,8,0,0,0.0
126,RANDOM,8,0.75,10.166666666666666,24365.625,6,0,0,0.0
126,GREEDY,8,1.0,11.875,34871.875,8,0,0,0.0
126,STRATEGIC,8,1.0,17.875,12087.5,8,0,0,0.0
126,BOOSTER_ASSISTED,8,1.0,17.875,12087.5,8,0,0,0.0
127,RANDOM,8,0.875,14.714285714285714,19031.25,7,0,0,0.0
127,GREEDY,8,1.0,16.25,28343.75,7,1,0,0.0
127,STRATEGIC,8,1.0,21.5,9078.125,8,0,0,0.0
127,BOOSTER_ASSISTED,8,1.0,21.5,9078.125,8,0,0,0.0
128,RANDOM,8,0.5,11.75,24365.625,4,0,0,0.0
128,GREEDY,8,1.0,10.75,26743.75,8,0,0,0.0
128,STRATEGIC,8,1.0,13.875,20665.625,8,0,0,0.0
128,BOOSTER_ASSISTED,8,1.0,13.875,20665.625,8,0,0,0.0
129,RANDOM,8,0.875,8.285714285714286,32628.125,7,0,0,0.0
129,GREEDY,8,0.875,17.142857142857142,23456.25,7,0,0,0.0
129,STRATEGIC,8,1.0,19.125,11275.0,8,0,0,0.0
129,BOOSTER_ASSISTED,8,1.0,19.125,11275.0,8,0,0,0.0
130,RANDOM,8,0.25,12.0,31046.875,2,0,0,0.0
130,GREEDY,8,1.0,11.25,35540.625,7,1,0,0.0
130,STRATEGIC,8,1.0,17.375,21106.25,8,0,0,0.0
130,BOOSTER_ASSISTED,8,1.0,17.375,21106.25,8,0,0,0.0
131,RANDOM,8,1.0,11.125,26315.625,8,0,0,0.0
131,GREEDY,8,0.875,14.142857142857142,24756.25,7,0,0,0.0
131,STRATEGIC,8,1.0,19.75,11909.375,8,0,0,0.0
131,BOOSTER_ASSISTED,8,1.0,19.75,11909.375,8,0,0,0.0
132,RANDOM,8,0.875,11.857142857142858,27250.0,6,1,0,0.0
132,GREEDY,8,1.0,15.375,26790.625,8,0,0,0.0
132,STRATEGIC,8,1.0,17.375,20612.5,8,0,0,0.0
132,BOOSTER_ASSISTED,8,1.0,17.375,20612.5,8,0,0,0.0
133,RANDOM,8,0.875,17.571428571428573,17268.75,7,0,0,0.0
133,GREEDY,8,1.0,15.625,20950.0,8,0,0,0.0
133,STRATEGIC,8,1.0,20.375,9103.125,8,0,0,0.0
133,BOOSTER_ASSISTED,8,1.0,20.375,9103.125,8,0,0,0.0
134,RANDOM,8,1.0,10.375,23378.125,8,0,0,0.0
134,GREEDY,8,1.0,12.125,28706.25,8,0,0,0.0
134,STRATEGIC,8,1.0,18.625,12468.75,8,0,0,0.0
134,BOOSTER_ASSISTED,8,1.0,18.625,12468.75,8,0,0,0.0
135,RANDOM,8,0.125,3.0,27175.0,1,0,0,0.0
135,GREEDY,8,1.0,11.625,39609.375,7,1,0,0.0
135,STRATEGIC,8,1.0,14.125,24278.125,8,0,0,0.0
135,BOOSTER_ASSISTED,8,1.0,14.125,24278.125,8,0,0,0.0
136,RANDOM,8,0.75,8.333333333333334,21659.375,6,0,0,0.0
136,GREEDY,8,0.875,13.714285714285714,30050.0,7,0,0,0.0
136,STRATEGIC,8,1.0,13.75,23709.375,8,0,0,0.0
136,BOOSTER_ASSISTED,8,1.0,13.75,22934.375,8,0,0,0.25
137,RANDOM,8,0.875,10.571428571428571,18625.0,7,0,0,0.0
137,GREEDY,8,1.0,15.125,18796.875,8,0,0,0.0
137,STRATEGIC,8,1.0,21.0,7962.5,8,0,0,0.0
137,BOOSTER_ASSISTED,8,1.0,21.0,7962.5,8,0,0,0.0
138,RANDOM,8,0.875,11.285714285714286,20712.5,7,0,0,0.0
138,GREEDY,8,0.875,10.0,31018.75,6,1,0,0.0
138,STRATEGIC,8,1.0,19.875,8231.25,8,0,0,0.0
138,BOOSTER_ASSISTED,8,1.0,19.875,8231.25,8,0,0,0.0
139,RANDOM,8,1.0,12.125,17384.375,8,0,0,0.0
139,GREEDY,8,1.0,12.0,22040.625,8,0,0,0.0
139,STRATEGIC,8,1.0,19.875,11693.75,8,0,0,0.0
139,BOOSTER_ASSISTED,8,1.0,19.875,11693.75,8,0,0,0.0
140,RANDOM,8,0.625,10.0,27409.375,4,1,0,0.0
140,GREEDY,8,0.625,13.0,30025.0,5,0,0,0.0
140,STRATEGIC,8,0.875,17.428571428571427,16609.375,7,0,0,0.0
140,BOOSTER_ASSISTED,8,1.0,15.5,17128.125,8,0,0,0.25
141,RANDOM,8,0.875,16.428571428571427,10096.875,7,0,0,0.0
141,GREEDY,8,1.0,15.25,13512.5,8,0,0,0.0
141,STRATEGIC,8,1.0,20.875,5221.875,8,0,0,0.0
141,BOOSTER_ASSISTED,8,1.0,20.875,5221.875,8,0,0,0.0
142,RANDOM,8,0.5,6.25,18034.375,4,0,0,0.0
142,GREEDY,8,0.75,13.0,20190.625,6,0,0,0.0
142,STRATEGIC,8,1.0,18.75,7359.375,8,0,0,0.0
142,BOOSTER_ASSISTED,8,1.0,18.75,7359.375,8,0,0,0.0
143,RANDOM,8,1.0,14.25,10465.625,8,0,0,0.0
143,GREEDY,8,0.875,14.142857142857142,12209.375,7,0,0,0.0
143,STRATEGIC,8,1.0,20.375,6043.75,8,0,0,0.0
143,BOOSTER_ASSISTED,8,1.0,20.375,6043.75,8,0,0,0.0
144,RANDOM,8,0.25,4.5,17356.25,2,0,0,0.0
144,GREEDY,8,1.0,6.5,21534.375,8,0,0,0.0
144,STRATEGIC,8,1.0,8.25,20171.875,8,0,0,0.0
144,BOOSTER_ASSISTED,8,1.0,8.25,20171.875,8,0,0,0.0
145,RANDOM,8,0.25,10.5,15762.5,2,0,0,0.0
145,GREEDY,8,0.5,11.25,20743.75,4,0,0,0.0
145,STRATEGIC,8,0.75,11.166666666666666,17300.0,6,0,0,0.0
145,BOOSTER_ASSISTED,8,0.75,11.166666666666666,17300.0,6,0,0,0.0
146,RANDOM,8,0.875,11.714285714285714,15071.875,7,0,0,0.0
146,GREEDY,8,1.0,17.625,11003.125,8,0,0,0.0
146,STRATEGIC,8,1.0,20.125,7550.0,8,0,0,0.0
146,BOOSTER_ASSISTED,8,1.0,20.125,7550.0,8,0,0,0.0
147,RANDOM,8,0.625,14.6,12703.125,5,0,0,0.0
147,GREEDY,8,0.875,11.0,18225.0,7,0,0,0.0
147,STRATEGIC,8,1.0,18.375,7603.125,8,0,0,0.0
147,BOOSTER_ASSISTED,8,1.0,18.375,7603.125,8,0,0,0.0
148,RANDOM,8,0.375,5.0,23281.25,3,0,0,0.0
148,GREEDY,8,0.875,5.428571428571429,22593.75,7,0,0,0.0
148,STRATEGIC,8,0.75,11.0,17690.625,6,0,0,0.0
148,BOOSTER_ASSISTED,8,1.0,8.875,19609.375,8,0,0,0.5
149,RANDOM,8,1.0,11.875,11418.75,8,0,0,0.0
149,GREEDY,8,1.0,12.0,14543.75,8,0,0,0.0
149,STRATEGIC,8,1.0,18.0,11028.125,8,0,0,0.0
149,BOOSTER_ASSISTED,8,1.0,18.25,10796.875,8,0,0,0.125
150,RANDOM,8,0.125,0.0,18412.5,1,0,0,0.0
150,GREEDY,8,0.25,6.0,23256.25,2,0,0,0.0
150,STRATEGIC,8,0.875,11.285714285714286,18775.0,7,0,0,0.0
150,BOOSTER_ASSISTED,8,0.875,11.285714285714286,18775.0,7,0,0,0.0
151,RANDOM,8,1.0,14.0,8471.875,8,0,0,0.0
151,GREEDY,8,0.875,17.714285714285715,9881.25,7,0,0,0.0
151,STRATEGIC,8,1.0,20.625,6031.25,8,0,0,0.0
151,BOOSTER_ASSISTED,8,1.0,20.625,6031.25,8,0,0,0.0
152,RANDOM,8,0.625,7.0,16759.375,5,0,0,0.0
152,GREEDY,8,0.875,8.857142857142858,21275.0,7,0,0,0.0
152,STRATEGIC,8,0.875,10.285714285714286,15775.0,7,0,0,0.0
152,BOOSTER_ASSISTED,8,1.0,9.375,16506.25,8,0,0,0.125
153,RANDOM,8,1.0,12.25,10437.5,8,0,0,0.0
153,GREEDY,8,1.0,17.125,11278.125,8,0,0,0.0
153,STRATEGIC,8,1.0,21.375,4812.5,8,0,0,0.0
153,BOOSTER_ASSISTED,8,1.0,21.375,4812.5,8,0,0,0.0
154,RANDOM,8,0.75,13.166666666666666,14021.875,6,0,0,0.0
154,GREEDY,8,0.875,17.428571428571427,13781.25,7,0,0,0.0
154,STRATEGIC,8,1.0,18.625,9096.875,8,0,0,0.0
154,BOOSTER_ASSISTED,8,1.0,18.625,9096.875,8,0,0,0.0
155,RANDOM,8,0.25,6.5,20515.625,2,0,0,0.0
155,GREEDY,8,0.5,9.5,22490.625,4,0,0,0.0
155,STRATEGIC,8,0.375,15.0,16825.0,3,0,0,0.0
155,BOOSTER_ASSISTED,8,0.5,12.5,19925.0,4,0,0,0.75
156,RANDOM,8,0.75,4.333333333333333,18959.375,6,0,0,0.0
156,GREEDY,8,1.0,9.125,21087.5,8,0,0,0.0
156,STRATEGIC,8,0.875,9.285714285714286,16596.875,7,0,0,0.0
156,BOOSTER_ASSISTED,8,1.0,8.625,16990.625,8,0,0,0.25
157,RANDOM,8,0.75,7.333333333333333,16181.25,6,0,0,0.0
157,GREEDY,8,0.875,12.285714285714286,16693.75,7,0,0,0.0
157,STRATEGIC,8,1.0,17.75,9915.625,8,0,0,0.0
157,BOOSTER_ASSISTED,8,1.0,17.75,9915.625,8,0,0,0.0
158,RANDOM,8,0.875,15.571428571428571,9062.5,7,0,0,0.0
158,GREEDY,8,1.0,16.625,11034.375,8,0,0,0.0
158,STRATEGIC,8,1.0,19.75,6334.375,8,0,0,0.0
158,BOOSTER_ASSISTED,8,1.0,19.75,6334.375,8,0,0,0.0
159,RANDOM,8,0.75,10.333333333333334,14218.75,6,0,0,0.0
159,GREEDY,8,1.0,18.0,9393.75,8,0,0,0.0
159,STRATEGIC,8,1.0,19.625,7300.0,8,0,0,0.0
159,BOOSTER_ASSISTED,8,1.0,19.625,7300.0,8,0,0,0.0
160,RANDOM,8,0.125,2.0,18590.625,1,0,0,0.0
160,GREEDY,8,0.375,3.3333333333333335,23278.125,3,0,0,0.0
160,STRATEGIC,8,0.625,14.6,17762.5,5,0,0,0.0
160,BOOSTER_ASSISTED,8,0.75,12.5,19812.5,6,0,0,0.25
161,RANDOM,8,0.625,11.4,13218.75,5,0,0,0.0
161,GREEDY,8,0.875,10.285714285714286,14456.25,7,0,0,0.0
161,STRATEGIC,8,1.0,16.375,8678.125,8,0,0,0.0
161,BOOSTER_ASSISTED,8,1.0,16.375,8678.125,8,0,0,0.0
162,RANDOM,8,1.0,13.0,10562.5,8,0,0,0.0
162,GREEDY,8,0.875,16.285714285714285,12518.75,7,0,0,0.0
162,STRATEGIC,8,1.0,19.625,5090.625,8,0,0,0.0
162,BOOSTER_ASSISTED,8,1.0,19.625,5090.625,8,0,0,0.0
163,RANDOM,8,0.5,9.75,16412.5,4,0,0,0.0
163,GREEDY,8,0.375,12.0,21356.25,3,0,0,0.0
163,STRATEGIC,8,1.0,14.875,11281.25,8,0,0,0.0
163,BOOSTER_ASSISTED,8,1.0,14.875,11281.25,8,0,0,0.0
164,RANDOM,8,0.375,7.333333333333333,17762.5,3,0,0,0.0
164,GREEDY,8,0.75,8.833333333333334,21362.5,6,0,0,0.0
164,STRATEGIC,8,0.75,10.5,14781.25,6,0,0,0.0
164,BOOSTER_ASSISTED,8,1.0,9.375,15687.5,8,0,0,0.625
165,RANDOM,8,0.25,3.5,18853.125,2,0,0,0.0
165,GREEDY,8,0.5,6.0,21640.625,4,0,0,0.0
165,STRATEGIC,8,0.125,16.0,15903.125,1,0,0,0.0
165,BOOSTER_ASSISTED,8,0.25,11.0,18190.625,2,0,0,0.625
166,RANDOM,8,0.625,8.2,14696.875,5,0,0,0.0
166,GREEDY,8,1.0,13.875,11403.125,8,0,0,0.0
166,STRATEGIC,8,0.875,18.714285714285715,7434.375,7,0,0,0.0
166,BOOSTER_ASSISTED,8,1.0,17.0,7140.625,8,0,0,0.125
167,RANDOM,8,0.625,11.4,12478.125,5,0,0,0.0
167,GREEDY,8,0.625,8.2,18543.75,5,0,0,0.0
167,STRATEGIC,8,1.0,16.375,7862.5,8,0,0,0.0
167,BOOSTER_ASSISTED,8,1.0,16.375,7862.5,8,0,0,0.0
168,RANDOM,8,0.125,5.0,17156.25,1,0,0,0.0
168,GREEDY,8,0.75,7.333333333333333,20056.25,6,0,0,0.0
168,STRATEGIC,8,0.5,9.5,20778.125,4,0,0,0.0
168,BOOSTER_ASSISTED,8,0.75,9.0,22203.125,6,0,0,1.0
169,RANDOM,8,0.125,3.0,18090.625,1,0,0,0.0
169,GREEDY,8,0.5,7.5,15687.5,4,0,0,0.0
169,STRATEGIC,8,1.0,14.125,10396.875,8,0,0,0.0
169,BOOSTER_ASSISTED,8,1.0,14.75,9665.625,8,0,0,0.375
170,RANDOM,8,0.375,3.6666666666666665,18215.625,3,0,0,0.0
170,GREEDY,8,0.25,9.5,24368.75,2,0,0,0.0
170,STRATEGIC,8,0.625,8.8,22565.625,5,0,0,0.0
170,BOOSTER_ASSISTED,8,0.625,8.8,22584.375,5,0,0,0.125
171,RANDOM,8,0.5,10.75,14109.375,4,0,0,0.0
171,GREEDY,8,0.75,9.166666666666666,18750.0,6,0,0,0.0
171,STRATEGIC,8,1.0,11.75,11300.0,8,0,0,0.0
171,BOOSTER_ASSISTED,8,1.0,12.375,11175.0,8,0,0,0.5
172,RANDOM,8,0.625,10.2,14481.25,5,0,0,0.0
172,GREEDY,8,1.0,8.25,19050.0,8,0,0,0.0
172,STRATEGIC,8,1.0,8.375,15300.0,8,0,0,0.0
172,BOOSTER_ASSISTED,8,1.0,9.0,15300.0,8,0,0,0.125
173,RANDOM,8,0.5,10.0,13703.125,4,0,0,0.0
173,GREEDY,8,0.875,11.714285714285714,17431.25,7,0,0,0.0
173,STRATEGIC,8,1.0,17.375,8140.625,8,0,0,0.0
173,BOOSTER_ASSISTED,8,1.0,17.375,8140.625,8,0,0,0.0
174,RANDOM,8,0.875,14.0,11015.625,7,0,0,0.0
174,GREEDY,8,1.0,12.5,13262.5,8,0,0,0.0
174,STRATEGIC,8,1.0,19.5,6321.875,8,0,0,0.0
174,BOOSTER_ASSISTED,8,1.0,19.5,6321.875,8,0,0,0.0
175,RANDOM,8,0.0,0.0,16262.5,0,0,0,0.0
175,GREEDY,8,0.25,8.0,23534.375,2,0,0,0.0
175,STRATEGIC,8,0.625,10.2,21043.75,5,0,0,0.0
175,BOOSTER_ASSISTED,8,0.625,12.0,21881.25,5,0,0,0.875
176,RANDOM,8,0.375,11.0,18375.0,3,0,0,0.0
176,GREEDY,8,1.0,11.625,17800.0,8,0,0,0.0
176,STRATEGIC,8,1.0,11.875,15478.125,8,0,0,0.0
176,BOOSTER_ASSISTED,8,1.0,11.875,15478.125,8,0,0,0.0
177,RANDOM,8,0.375,8.666666666666666,13253.125,3,0,0,0.0
177,GREEDY,8,0.625,8.6,20678.125,5,0,0,0.0
177,STRATEGIC,8,0.75,16.5,8915.625,6,0,0,0.0
177,BOOSTER_ASSISTED,8,0.875,14.857142857142858,9709.375,7,0,0,0.75
178,RANDOM,8,0.5,11.5,12281.25,4,0,0,0.0
178,GREEDY,8,0.875,16.142857142857142,14725.0,7,0,0,0.0
178,STRATEGIC,8,1.0,19.875,6571.875,8,0,0,0.0
178,BOOSTER_ASSISTED,8,1.0,19.875,6571.875,8,0,0,0.0
179,RANDOM,8,0.75,10.333333333333334,10318.75,6,0,0,0.0
179,GREEDY,8,1.0,7.75,16059.375,8,0,0,0.0
179,STRATEGIC,8,1.0,18.5,6856.25,8,0,0,0.0
179,BOOSTER_ASSISTED,8,1.0,18.5,6856.25,8,0,0,0.0
180,RANDOM,8,0.375,9.666666666666666,16687.5,3,0,0,0.0
180,GREEDY,8,0.5,7.75,30428.125,4,0,0,0.0
180,STRATEGIC,8,0.75,12.333333333333334,16675.0,6,0,0,0.0
180,BOOSTER_ASSISTED,8,0.75,12.333333333333334,16675.0,6,0,0,0.0
181,RANDOM,8,0.625,10.2,13193.75,5,0,0,0.0
181,GREEDY,8,1.0,6.0,17562.5,8,0,0,0.0
181,STRATEGIC,8,0.875,15.857142857142858,7440.625,7,0,0,0.0
181,BOOSTER_ASSISTED,8,1.0,14.5,7278.125,8,0,0,0.125
182,RANDOM,8,0.625,6.8,15050.0,5,0,0,0.0
182,GREEDY,8,0.75,10.5,18600.0,6,0,0,0.0
182,STRATEGIC,8,1.0,13.5,12078.125,8,0,0,0.0
182,BOOSTER_ASSISTED,8,1.0,13.5,12078.125,8,0,0,0.0
183,RANDOM,8,0.75,12.333333333333334,10115.625,6,0,0,0.0
183,GREEDY,8,0.75,11.333333333333334,15509.375,6,0,0,0.0
183,STRATEGIC,8,1.0,17.375,6581.25,8,0,0,0.0
183,BOOSTER_ASSISTED,8,1.0,17.375,6581.25,8,0,0,0.0
184,RANDOM,8,0.25,1.5,20375.0,2,0,0,0.0
184,GREEDY,8,0.625,3.8,20721.875,5,0,0,0.0
184,STRATEGIC,8,0.875,9.857142857142858,16496.875,7,0,0,0.0
184,BOOSTER_ASSISTED,8,1.0,10.0,16693.75,8,0,0,0.625
185,RANDOM,8,0.5,5.75,16353.125,4,0,0,0.0
185,GREEDY,8,0.75,7.333333333333333,25118.75,6,0,0,0.0
185,STRATEGIC,8,0.625,10.8,16100.0,5,0,0,0.0
185,BOOSTER_ASSISTED,8,0.625,10.8,15696.875,5,0,0,0.375
186,RANDOM,8,0.625,9.6,12409.375,5,0,0,0.0
186,GREEDY,8,0.75,11.833333333333334,16412.5,6,0,0,0.0
186,STRATEGIC,8,1.0,11.5,10021.875,8,0,0,0.0
186,BOOSTER_ASSISTED,8,1.0,12.25,10268.75,8,0,0,0.5
187,RANDOM,8,0.75,4.0,16375.0,6,0,0,0.0
187,GREEDY,8,0.75,6.166666666666667,14925.0,6,0,0,0.0
187,STRATEGIC,8,1.0,14.25,7631.25,8,0,0,0.0
187,BOOSTER_ASSISTED,8,1.0,14.375,7225.0,8,0,0,0.125
188,RANDOM,8,0.5,1.75,17303.125,4,0,0,0.0
188,GREEDY,8,1.0,5.75,22640.625,8,0,0,0.0
188,STRATEGIC,8,0.75,4.833333333333333,18765.625,6,0,0,0.0
188,BOOSTER_ASSISTED,8,1.0,5.875,18721.875,8,0,0,0.625
189,RANDOM,8,0.75,5.5,13862.5,6,0,0,0.0
189,GREEDY,8,1.0,8.75,20037.5,8,0,0,0.0
189,STRATEGIC,8,1.0,17.375,7409.375,8,0,0,0.0
189,BOOSTER_ASSISTED,8,1.0,17.375,7409.375,8,0,0,0.0
190,RANDOM,8,0.125,10.0,12356.25,1,0,0,0.0
190,GREEDY,8,0.375,3.3333333333333335,23840.625,3,0,0,0.0
190,STRATEGIC,8,0.25,13.0,13428.125,2,0,0,0.0
190,BOOSTER_ASSISTED,8,0.25,13.0,14281.25,2,0,0,0.75
191,RANDOM,8,0.5,8.25,14993.75,4,0,0,0.0
191,GREEDY,8,1.0,7.875,18706.25,8,0,0,0.0
191,STRATEGIC,8,1.0,15.5,8709.375,8,0,0,0.0
191,BOOSTER_ASSISTED,8,1.0,15.5,8709.375,8,0,0,0.0
192,RANDOM,8,0.0,0.0,15081.25,0,0,0,0.0
192,GREEDY,8,0.75,4.666666666666667,23750.0,6,0,0,0.0
192,STRATEGIC,8,0.875,6.714285714285714,20131.25,7,0,0,0.0
192,BOOSTER_ASSISTED,8,1.0,7.75,19593.75,8,0,0,0.875
193,RANDOM,8,0.75,9.166666666666666,13959.375,6,0,0,0.0
193,GREEDY,8,0.875,12.571428571428571,14918.75,7,0,0,0.0
193,STRATEGIC,8,1.0,16.25,8603.125,8,0,0,0.0
193,BOOSTER_ASSISTED,8,1.0,16.25,8603.125,8,0,0,0.0
194,RANDOM,8,0.375,9.333333333333334,14900.0,3,0,0,0.0
194,GREEDY,8,0.75,6.5,19621.875,6,0,0,0.0
194,STRATEGIC,8,0.75,14.0,11487.5,6,0,0,0.0
194,BOOSTER_ASSISTED,8,1.0,12.0,9890.625,8,0,0,0.375
195,RANDOM,8,0.125,7.0,14556.25,1,0,0,0.0
195,GREEDY,8,0.125,2.0,21415.625,1,0,0,0.0
195,STRATEGIC,8,0.375,9.0,16362.5,3,0,0,0.0
195,BOOSTER_ASSISTED,8,0.5,7.75,17606.25,4,0,0,0.125
196,RANDOM,8,0.5,6.75,17259.375,4,0,0,0.0
196,GREEDY,8,0.625,8.2,22409.375,5,0,0,0.0
196,STRATEGIC,8,0.5,9.5,16715.625,4,0,0,0.0
196,BOOSTER_ASSISTED,8,1.0,8.5,17603.125,8,0,0,1.0
197,RANDOM,8,0.5,11.5,14678.125,4,0,0,0.0
197,GREEDY,8,1.0,5.875,18068.75,8,0,0,0.0
197,STRATEGIC,8,0.875,17.571428571428573,8434.375,7,0,0,0.0
197,BOOSTER_ASSISTED,8,1.0,16.0,8234.375,8,0,0,0.125
198,RANDOM,8,0.5,8.75,13546.875,4,0,0,0.0
198,GREEDY,8,0.875,7.285714285714286,17759.375,7,0,0,0.0
198,STRATEGIC,8,0.75,16.166666666666668,10546.875,6,0,0,0.0
198,BOOSTER_ASSISTED,8,1.0,13.25,10115.625,8,0,0,0.375
199,RANDOM,8,0.75,13.0,11234.375,6,0,0,0.0
199,GREEDY,8,0.875,14.285714285714286,12359.375,7,0,0,0.0
199,STRATEGIC,8,1.0,19.125,8078.125,8,0,0,0.0
199,BOOSTER_ASSISTED,8,1.0,19.125,8078.125,8,0,0,0.0
200,RANDOM,8,0.125,3.0,15146.875,1,0,0,0.0
200,GREEDY,8,0.625,9.4,20903.125,5,0,0,0.0
200,STRATEGIC,8,0.75,12.166666666666666,16256.25,6,0,0,0.0
200,BOOSTER_ASSISTED,8,0.875,10.714285714285714,16518.75,7,0,0,0.5
